Region,Producto,Ventas,Beneficio,Ciudad,Latitud,Longitud
Sur,D,734,109.81943967469576,Madrid,40.38620836396373,-3.692393467670212
Oeste,C,997,177.05599461655845,Barcelona,41.40576711039396,2.137939344708744
Oeste,D,789,32.73156479236778,Bilbao,43.310124062691884,-3.0303900423567574
Este,A,236,131.5015367623992,Barcelona,41.3674084356338,2.254077066351727
Oeste,D,350,60.32347276840511,Barcelona,41.35242890792056,2.2091648668396293
Oeste,A,173,108.50281525097455,Valencia,39.47989391892016,-0.32214111846105753
Sur,B,359,154.97003354608688,Barcelona,41.41636690867431,2.093455519037144
Oeste,B,939,97.04695216957286,Sevilla,37.402022399324714,-5.9885643988166555
Norte,B,435,56.66064820262603,Valencia,39.44842378166882,-0.2956915112478437
Norte,A,167,40.71543159400072,Valencia,39.41325129806851,-0.3499339931679707
Sur,B,918,31.40095697688671,Madrid,40.51069084206647,-3.6815503898255453
Norte,D,127,13.835866753309315,Sevilla,37.443758203920765,-5.965341125019229
Oeste,B,589,94.51952264875484,Valencia,39.550456164385054,-0.3747244644983716
Norte,C,631,11.480027005409406,Sevilla,37.454826004764016,-5.933635629909723
Norte,B,333,26.30882346400416,Valencia,39.487174415275824,-0.35052553100673434
Sur,C,347,12.01153559710038,Barcelona,41.311553842060114,2.159777077491927
Norte,C,687,123.95223244113589,Bilbao,43.2098799024246,-3.031090257014277
Norte,A,431,185.16193768245077,Barcelona,41.40165067005172,2.117938756081983
Norte,D,219,42.54485222030373,Bilbao,43.27377020542907,-2.9918803911898704
Este,C,595,173.96277520589896,Bilbao,43.26368839938872,-3.0014425886932075
Norte,B,641,84.36702265245495,Madrid,40.50173763997903,-3.6409146167641957
Norte,A,789,136.21776899595744,Valencia,39.48183049568242,-0.35643556499409024
Sur,D,639,58.85682446351412,Bilbao,43.36107513957839,-2.9895374414784732
Oeste,C,994,36.53993108757514,Valencia,39.48647601884761,-0.29938412939739967
Norte,C,893,66.56382496359763,Valencia,39.47570044762609,-0.4756514733852803
Sur,C,141,67.96911785855363,Sevilla,37.3917524006796,-6.01850555293861
Sur,B,116,13.394139009086937,Bilbao,43.298646289261306,-2.887780081996826
Norte,A,700,34.41719933708559,Barcelona,41.395669541630475,2.2133272477155455
Este,C,507,47.282519338826575,Madrid,40.45431525427613,-3.7114904350176263
Sur,D,371,161.2660006736289,Barcelona,41.39050937305834,2.1159311400941885
Norte,D,384,86.37105515776481,Barcelona,41.42475648123164,2.1608384093437385
Este,D,513,173.6011391165309,Barcelona,41.48502045674252,2.153741421064091
Norte,C,849,96.88860525734727,Barcelona,41.41987369317064,2.2041987002718386
Sur,C,956,91.14235138353271,Bilbao,43.24369185987146,-3.0102637742775347
Sur,C,337,41.17754758322951,Sevilla,37.44656394753289,-6.00676582166911
Este,D,960,116.53725962930395,Sevilla,37.32874463771581,-5.998950867727279
Este,B,206,70.98720670498622,Madrid,40.32195257090374,-3.7548043770712503
Sur,B,559,120.01843158579213,Bilbao,43.258707362508254,-3.0329502249038787
Este,B,756,60.074752145747595,Sevilla,37.424243528918716,-6.053715741217365
Norte,C,860,51.245389674751785,Sevilla,37.40887739652015,-5.989763280085547
Este,D,467,123.09712972216049,Bilbao,43.307476485649964,-3.008540006532912
Este,C,261,166.16330220102117,Bilbao,43.284718955198976,-2.8924776030768835
Norte,D,990,27.631819451231937,Madrid,40.39904359570213,-3.7914131950384427
Oeste,D,406,31.691796311078893,Sevilla,37.327293218653274,-6.05553247221399
Este,B,277,188.5019164496642,Sevilla,37.416770567245464,-5.919932547605049
Oeste,B,559,32.1719318106467,Bilbao,43.31269701239244,-2.9736303259035846
Sur,B,564,159.87707376708872,Valencia,39.46915647882955,-0.3908585276147357
Sur,D,495,136.27288485955606,Bilbao,43.31796688875002,-3.009279550841431
Oeste,D,628,64.20525348215253,Valencia,39.4819323680472,-0.4446918176934974
Sur,A,633,142.3878267694338,Madrid,40.45756028879484,-3.7654489935000717
Sur,B,154,171.0409379262643,Barcelona,41.31766494361514,2.196648420511299
Sur,C,268,19.688954764781755,Sevilla,37.369728749263224,-6.00704895733618
Este,C,196,169.27593469719642,Bilbao,43.21797537703024,-2.950889982737612
Este,B,938,70.89558164013343,Bilbao,43.297606996695635,-2.8754823761328954
Oeste,D,485,107.61659470073383,Barcelona,41.44767658162393,2.197230949796421
Sur,A,630,181.77282144722176,Madrid,40.50232206098675,-3.648853148234882
Este,B,575,28.112487449620613,Valencia,39.39024611947774,-0.3315130057945246
Norte,B,586,194.24373780971945,Sevilla,37.47409863355578,-5.942286651011022
Sur,D,349,116.63983773399215,Sevilla,37.409497399744566,-5.915676006378859
Oeste,C,966,180.07544829393433,Bilbao,43.241042969088575,-2.9052562657789194
Este,C,330,26.409564495899613,Madrid,40.44334247828148,-3.6985615358882824
Este,D,596,163.17824584403832,Valencia,39.45270356871799,-0.4594626604993291
Sur,D,446,21.74245719179966,Sevilla,37.32512710837396,-6.035299338062682
Sur,A,354,75.34533699692976,Barcelona,41.33857624163259,2.0980313845403726
Sur,D,709,138.82949623672403,Barcelona,41.467181480724356,2.141167431462179
Sur,B,787,28.59441099238618,Madrid,40.3254614912724,-3.7467573223435866
Norte,D,683,90.6940235077998,Bilbao,43.29644471948927,-2.9196357913205255
Este,D,771,141.3503412082357,Madrid,40.34155540869167,-3.7687212878034066
Sur,A,370,179.16431286379859,Madrid,40.40937682198677,-3.689000172699167
Norte,D,994,121.04567848497976,Madrid,40.40142489168814,-3.78772552634183
Oeste,B,222,138.14440451766959,Sevilla,37.30613135322321,-5.927567164824569
Oeste,A,564,108.66011627424827,Sevilla,37.368124129658085,-5.964503363541213
Este,D,705,24.578934477406634,Barcelona,41.327090054866716,2.0998787035794724
Oeste,C,896,76.28856566275854,Barcelona,41.3229847780007,2.2276707672312663
Norte,B,524,72.03264675105899,Sevilla,37.43009568881543,-5.978573599707866
Sur,C,776,161.756865353763,Bilbao,43.196479848860385,-2.962955169680026
Este,C,670,116.98821244611923,Barcelona,41.40476986769287,2.1203969543093173
Norte,C,657,103.33456024116018,Sevilla,37.32154416828468,-5.896609366603889
Norte,C,118,182.2278438295593,Valencia,39.44118790700018,-0.34911939775660933
Oeste,D,408,120.7762472651068,Valencia,39.513910356481695,-0.30532150856923035
Norte,D,958,189.71043995581394,Bilbao,43.26087524428143,-3.017798540576023
Oeste,B,883,189.1827405192926,Sevilla,37.38946229610325,-5.969937727847701
Norte,C,410,116.72085572273069,Valencia,39.39916160864786,-0.4624238660025307
Norte,B,558,10.527467032203067,Barcelona,41.3274846240971,2.0898024824167587
Sur,C,828,53.21670857903876,Valencia,39.556538945442846,-0.4403166552947701
Norte,B,228,74.93668625175832,Valencia,39.433541519043544,-0.385370950165565
Oeste,C,473,198.42741197032987,Valencia,39.41934354895747,-0.34310402638859056
Oeste,A,899,57.54856082689604,Barcelona,41.390182016042885,2.249016042163493
Sur,B,581,185.78510321823262,Valencia,39.5313522106696,-0.46871860778608304
Oeste,B,909,121.57858376436917,Madrid,40.502826581708014,-3.6195771897025923
Oeste,B,545,145.01418673092653,Madrid,40.48219270659227,-3.79241238537695
Este,A,708,183.17709492775808,Sevilla,37.359907980548535,-5.955893040985429
Oeste,A,763,56.60867797646256,Valencia,39.413944156229775,-0.3414346425675786
Sur,D,309,84.90046978102811,Barcelona,41.415003858630364,2.0789712059643493
Oeste,A,614,63.91214505217485,Sevilla,37.343488017003565,-6.075775268960592
Norte,D,233,189.66882007803412,Barcelona,41.35906380387957,2.1153776281549526
Norte,D,198,73.47396711917526,Sevilla,37.321718468086026,-6.044238815851383
Este,A,873,138.37973222919086,Sevilla,37.384723943964914,-6.039834753996243
Este,B,403,118.90634279406574,Valencia,39.47905284791817,-0.417615966740229
Sur,B,177,147.82036316323806,Bilbao,43.245652317595365,-2.9497186744116353
Este,D,294,93.26663516664243,Madrid,40.35854867027645,-3.6294009808599452
Sur,D,367,184.01475906066176,Madrid,40.423160165993245,-3.727355219355318
Sur,A,633,188.03040585496385,Barcelona,41.45526359612478,2.185351233220072
Oeste,A,332,125.68862977807305,Sevilla,37.484925500173,-5.991728564665664
Este,C,891,40.66856731772362,Sevilla,37.46901547907839,-5.887397213995334
Este,B,867,124.51417326925389,Madrid,40.424577843374394,-3.6475809172157896
Oeste,C,347,86.09293120364946,Valencia,39.38405339804839,-0.45480449420736296
Sur,B,503,51.58962162004346,Valencia,39.431679840103534,-0.4458774714161966
Sur,B,182,183.72337141696778,Madrid,40.451008473418135,-3.604882163768955
Oeste,C,416,137.83337752981322,Madrid,40.456355637685036,-3.714909868601812
Sur,C,167,75.38808152824227,Bilbao,43.177396987913426,-2.836590644178137
Sur,A,857,95.39578425916513,Valencia,39.53985267537533,-0.34746985711299916
Sur,A,912,124.29897893113866,Barcelona,41.4408048727979,2.085619618127647
Este,B,770,20.160656302851137,Madrid,40.447891718527025,-3.766792718460369
Oeste,C,466,49.36344979087681,Bilbao,43.215947787995184,-2.9977598392692175
Sur,C,449,197.30353564264706,Valencia,39.42776513362298,-0.43285497967685627
Sur,B,575,43.13032287854512,Bilbao,43.35300258659992,-2.8447253011763327
Sur,A,322,179.81070038898565,Barcelona,41.31188592102601,2.2598020324901733
Norte,C,423,85.63904610936603,Valencia,39.40386582899224,-0.3832451727639964
Este,C,775,23.307151342517642,Barcelona,41.422003227703556,2.083726752497493
Oeste,B,667,173.83638861486872,Bilbao,43.25957727841245,-2.9329884075255213
Este,A,595,66.33152671052338,Valencia,39.388897720434265,-0.4571216987857514
Sur,C,843,139.80455124093945,Valencia,39.4082581098202,-0.3772988366593887
Sur,C,329,11.421674656862603,Barcelona,41.322944080895475,2.2063428639457965
Oeste,D,144,66.54430175796978,Barcelona,41.436141599872066,2.2048915385905454
Sur,D,461,178.7000732408021,Valencia,39.515342734153926,-0.28044324982314883
Sur,A,564,149.13514315787592,Bilbao,43.225262910928585,-2.9045649418187662
Este,B,893,51.14703991889282,Barcelona,41.41039348708327,2.1361725847444353
Norte,A,262,73.50593921245303,Bilbao,43.36017880713154,-3.0226769435508634
Oeste,D,933,83.1000712019937,Valencia,39.430982279557455,-0.42228196948601415
Este,A,922,137.18024216007348,Valencia,39.54101569352136,-0.42780750143999124
Oeste,B,325,26.941364795340533,Bilbao,43.235691969701215,-2.844588850774728
Norte,D,540,198.6389436368655,Valencia,39.44285899654309,-0.41831375962696166
Oeste,D,396,69.42317289831435,Madrid,40.45804637416302,-3.609079873149029
Norte,C,166,193.55455480583586,Sevilla,37.46782791094322,-5.911648212888652
Oeste,B,717,106.03457912020149,Bilbao,43.18623718916546,-2.8564650571693404
Norte,A,693,191.00370312152052,Valencia,39.544017948787996,-0.299989717774771
Norte,A,721,57.90812764464159,Bilbao,43.193413857606444,-2.970895159162965
Este,C,493,11.396502403633002,Valencia,39.546875129159794,-0.4130231232437765
Norte,B,577,104.35230050430879,Sevilla,37.4465615932408,-5.990557886818448
Oeste,D,128,23.942380124633402,Sevilla,37.45946135289375,-6.003149171620397
Este,A,903,36.46545993621632,Valencia,39.43742905262733,-0.4039656629895845
Oeste,B,408,89.11463159592334,Barcelona,41.35695737049648,2.2203050502568846
Este,D,473,113.68667352930557,Sevilla,37.45586827098899,-5.934943499677296
Este,D,722,53.45840018880039,Valencia,39.47244917707674,-0.33447675939300753
Oeste,C,723,170.71708693796901,Sevilla,37.40217438478368,-5.9798253266535815
Oeste,A,517,24.64771505083114,Barcelona,41.38253745802973,2.191685420131534
Sur,B,602,33.6541300122441,Madrid,40.41542188819538,-3.7382088111711416
Oeste,A,276,130.43630086116474,Valencia,39.43000008734631,-0.3438031367107266
Norte,A,878,13.212289071221203,Valencia,39.42215013677298,-0.46875832923977584
Norte,B,305,175.83047547754884,Bilbao,43.25706907443302,-2.935730873550528
Sur,D,696,100.73118885227727,Barcelona,41.44695210096123,2.157582796184579
Sur,C,693,129.2188758238001,Barcelona,41.34041972852159,2.270891820404277
Sur,A,771,75.38328869284841,Valencia,39.547655954422,-0.31116744057487994
Este,B,496,105.33454926401532,Madrid,40.3776733303983,-3.6503247898875366
Este,A,945,54.427212914580345,Madrid,40.32623897016403,-3.6144190767477125
Oeste,B,399,73.08713607887418,Bilbao,43.217339067123234,-2.938158689584938
Sur,A,853,63.93619901669155,Barcelona,41.37269195711151,2.235682045887434
Oeste,C,876,198.2762869916459,Barcelona,41.31785161796441,2.1083272765606056
Oeste,C,631,152.41561431920087,Madrid,40.49223294554309,-3.696153831561671
Norte,D,187,155.48931650627324,Sevilla,37.444805900516194,-6.073274668977549
Oeste,B,548,43.509615691180684,Valencia,39.53333629276938,-0.3324491284132213
Sur,D,994,92.04833550020692,Barcelona,41.43608088249819,2.1301836199017923
Norte,B,985,134.54460676514285,Barcelona,41.3599065161253,2.1014917951537395
Este,D,563,174.31304825345532,Madrid,40.3600187848473,-3.626228610717514
Oeste,A,719,192.6694492417696,Sevilla,37.48176845380244,-5.9102464171428775
Norte,C,501,76.88851269293534,Sevilla,37.428006189030505,-5.983829311658798
Norte,C,959,10.10119344903712,Sevilla,37.31781205222241,-6.056391598637254
Este,B,836,173.84500014454642,Sevilla,37.45449006313395,-5.931370466834513
Oeste,A,623,193.30631461872653,Valencia,39.53352316916707,-0.3905038328081922
Oeste,A,557,103.35148552399036,Sevilla,37.38583606637155,-6.000099769949593
Norte,B,553,170.88069989305922,Bilbao,43.232347873238645,-3.018359953119543
Norte,C,818,194.4274597613308,Bilbao,43.224908668576546,-2.9519918393621327
Oeste,B,586,36.007595767015616,Valencia,39.39752960004067,-0.38717061760272453
Norte,C,747,72.94875310289453,Valencia,39.48354663062045,-0.3001932675040113
Oeste,A,473,117.3864503285812,Barcelona,41.29561273832941,2.154653603967182
Oeste,D,231,157.27910827803598,Barcelona,41.43205127781819,2.2268301670278032
Norte,B,471,29.319833462642404,Valencia,39.416486589703716,-0.41519852628459547
Este,B,141,138.563166616782,Madrid,40.41099093069925,-3.6088372334227743
Sur,C,423,117.66268318065941,Barcelona,41.43626957997863,2.2411548538992703
Norte,D,422,60.85498055152943,Madrid,40.34050628363538,-3.7387646237791494
Sur,C,841,198.2979514999391,Valencia,39.419181853028796,-0.4144510289577761
Norte,C,418,92.73686871417523,Sevilla,37.48784979032751,-5.9227735087479445
Oeste,A,231,118.78670605507483,Bilbao,43.17178738657311,-2.9256213806979403
Sur,D,707,193.81788130479754,Bilbao,43.23325959845855,-2.9180892495133492
Sur,D,788,186.3336235322442,Bilbao,43.16871334079305,-3.024085547918272
Norte,B,569,146.72477269967078,Bilbao,43.300796447283815,-2.930910981994523
Norte,D,910,176.6051524689449,Sevilla,37.34005802341119,-5.979566462581148
Norte,C,472,136.55728054673546,Barcelona,41.299163998726264,2.18479802694891
Este,B,632,25.758251426614304,Valencia,39.47385302770764,-0.37720807160892345
Este,C,318,155.07727104928853,Valencia,39.45642980462737,-0.41646272534458634
Norte,A,434,88.55020883607374,Sevilla,37.37662163754382,-5.974317859593113
Norte,A,830,139.31312113125657,Madrid,40.439128437635986,-3.689728723261932
Norte,A,254,62.221983304346445,Barcelona,41.41449506405829,2.23399335049125
Oeste,B,479,27.79056739087447,Sevilla,37.35366796340049,-5.9147961769982755
Este,D,671,14.264217249301742,Barcelona,41.473928891874344,2.1047325632089913
Oeste,D,631,95.41264889616298,Madrid,40.40579975388634,-3.796977797008317
Este,C,605,70.94429910023075,Madrid,40.36404996021662,-3.7764687474617293
Sur,B,305,124.48009434821537,Valencia,39.440512317308524,-0.4675631218239049
Sur,B,233,37.21882558357109,Sevilla,37.41563940083191,-6.036297911480904
Oeste,B,646,52.26555269139456,Sevilla,37.439879679507925,-5.941854029798564
Norte,C,672,27.218702223944952,Madrid,40.48203014073101,-3.628826849513134
Norte,C,220,10.759945500923354,Sevilla,37.31787012394914,-6.076987555109166
Oeste,B,691,156.89827554777432,Valencia,39.44215961499208,-0.3260358662114822
Sur,D,971,152.0657365262699,Barcelona,41.386485125209205,2.1519190819270944
Este,B,592,51.71252121218118,Barcelona,41.32890239903529,2.205194498803005
Oeste,B,902,57.850547148247905,Barcelona,41.45281746306812,2.095463725682568
Este,B,861,138.64528956718988,Barcelona,41.36369573124882,2.247891064963198
Norte,B,159,125.35503181855128,Barcelona,41.408127476431815,2.1193111253921986
Este,D,676,50.15965758624991,Valencia,39.49259564660698,-0.4000032772962203
Norte,D,363,31.1047636525879,Sevilla,37.46700752580018,-6.030477915571828
Norte,B,266,67.65876456881901,Madrid,40.36032818918363,-3.6501296318192336
Norte,A,647,64.340202953258,Valencia,39.47771780905188,-0.37048406233472014
Norte,C,581,53.06524134554562,Valencia,39.49365141916004,-0.3775394771145877
Sur,A,334,117.66967760122053,Madrid,40.44480586308071,-3.648293246967985
Este,C,297,118.02451186459595,Barcelona,41.45653483507507,2.2579093511969854
Oeste,D,935,29.434166061808472,Barcelona,41.38772553177183,2.180348714791154
Oeste,D,667,97.24715278596348,Bilbao,43.2165891256598,-3.0273231991478413
Este,B,697,197.06610991167537,Madrid,40.32900257034952,-3.8011713513631995
Sur,D,863,81.75381859316421,Barcelona,41.35957234025293,2.1626346039535473
Sur,C,855,176.88950681767912,Sevilla,37.42242461576234,-5.979533601046061
Norte,D,322,26.543998556983354,Valencia,39.45000645734662,-0.3386224929831253
Norte,C,570,103.57268394606591,Barcelona,41.36352847203189,2.1446395934271667
Este,C,550,74.26387350984422,Bilbao,43.21113105286091,-2.8953102111018
Oeste,B,404,30.811243409726714,Madrid,40.467308071963714,-3.651793550040594
Este,A,595,76.04820361642987,Madrid,40.35404904717638,-3.7162719282846424
Oeste,A,690,94.79443866476673,Madrid,40.46180065528987,-3.6336156974641414
Este,A,198,184.55236942184888,Sevilla,37.42346755085215,-6.031036331677759
Norte,C,865,79.3969149750313,Sevilla,37.46598675900291,-5.89573821297155
Sur,A,863,15.075100565634187,Bilbao,43.303188710909595,-2.9327799416443487
Este,A,138,26.399817353148606,Bilbao,43.2074948325719,-2.9560355664067095
Este,D,342,10.80431113162711,Barcelona,41.39627746171553,2.227480938320018
Oeste,A,710,57.24130830630442,Barcelona,41.385536265017464,2.1877573246492945
Sur,B,566,176.42024038493727,Sevilla,37.38017720201727,-5.911491952377779
Norte,C,703,183.0479302871828,Valencia,39.40016400269534,-0.32902028176728904
Este,C,680,147.12690976721126,Valencia,39.504836028164235,-0.4566360641324775
Oeste,D,868,39.853684583742435,Bilbao,43.17606856611108,-3.010928934080603
Sur,D,384,157.86502370718688,Madrid,40.41932736212539,-3.753941479047343
Oeste,A,523,96.74893580575277,Madrid,40.40367829580982,-3.7223096794487707
Sur,C,629,132.2250601512356,Madrid,40.35230441516877,-3.637582997004439
Sur,A,964,189.17130450481795,Madrid,40.38255238556805,-3.614652434320918
Este,C,930,66.61524693218503,Valencia,39.52704071087071,-0.40938898357204406
Este,A,140,67.40926052980362,Sevilla,37.392061207476566,-6.0094479989271825
Oeste,A,291,37.83305011655388,Madrid,40.47943734406256,-3.7102867968331354
Oeste,D,373,102.8812059324051,Bilbao,43.27083110263636,-3.007911906913347
Oeste,D,626,111.08203429115913,Madrid,40.387025069909384,-3.677713367205488
Norte,B,639,19.54232850584223,Valencia,39.533383017799125,-0.4640037617931855
Norte,C,560,71.50584383401953,Barcelona,41.41957538591102,2.1714776272581187
Oeste,D,985,165.13333702444754,Valencia,39.39465034694808,-0.41575972554315554
Sur,D,482,142.06019322583398,Sevilla,37.38311160347582,-5.910807173994139
Este,A,718,26.235578603070277,Madrid,40.34212287603768,-3.6098511798558817
Oeste,C,141,18.608346355423535,Madrid,40.48332399679293,-3.6567159429691736
Este,B,583,142.49665035622493,Valencia,39.56560289585729,-0.36448934601035515
Este,D,525,68.60244014529997,Sevilla,37.357355770851036,-5.96583430496878
Sur,A,419,161.67564884553087,Madrid,40.347645100010205,-3.642751653940428
Sur,B,689,128.27703811205674,Barcelona,41.365344312798534,2.197111132170379
Sur,D,819,52.42725376969871,Valencia,39.45187267135178,-0.44669257966449083
Norte,C,983,116.89943826920432,Sevilla,37.346330802456464,-5.944644765529432
Este,C,469,123.3223167417739,Barcelona,41.42006881360391,2.1386962564636
Oeste,A,657,179.5698329262418,Bilbao,43.18861069610225,-2.9097681952433896
Norte,D,341,171.94488442721925,Barcelona,41.389950985007424,2.251925176830174
Este,A,543,92.69257431280225,Barcelona,41.36759201647248,2.105456139703689
Sur,B,967,162.64444631482468,Barcelona,41.44783623958361,2.2119962169921172
Norte,B,987,34.9019622964959,Valencia,39.419136390084134,-0.4613909486263078
Este,B,849,51.95739213352547,Sevilla,37.45322204285922,-6.046119673296488
Oeste,D,538,159.08377878739256,Valencia,39.48133704478851,-0.4178337362688124
Este,C,846,72.06216665865875,Bilbao,43.17620355198826,-2.843696832393308
Oeste,C,147,163.14940726511912,Sevilla,37.318585782433225,-6.074293352544601
Sur,D,818,123.26477069955246,Sevilla,37.349625020365956,-5.945751712216403
Sur,C,768,159.3540395231883,Valencia,39.5519563376751,-0.40830766009354963
Oeste,A,845,156.43209329732093,Valencia,39.521783254586566,-0.2771068834975196
Norte,B,571,65.98988547163142,Valencia,39.41458838068695,-0.3583195887745443
Este,C,298,57.4706812816856,Bilbao,43.22269991531845,-3.023609943838112
Este,C,297,108.39703579533379,Sevilla,37.454951233621095,-6.064497236899052
Oeste,A,353,189.72059583321854,Bilbao,43.259601763353366,-2.868962442036339
Norte,A,578,37.27899139235734,Madrid,40.48112241917832,-3.612281380953119
Norte,A,716,49.55121297587765,Madrid,40.363316176652674,-3.666805222794529
Oeste,B,194,193.4710526000208,Madrid,40.319579547046374,-3.773321415074985
Norte,A,686,182.06154449450156,Sevilla,37.32814040473482,-5.997168456475626
Este,A,211,65.71696636199025,Madrid,40.34152231886327,-3.624050369646423
Este,D,931,149.27786357737241,Madrid,40.36888751819581,-3.7790182887335333
Norte,D,580,83.42464750217309,Valencia,39.40625234598241,-0.44688038843588307
Sur,D,857,141.90576325334962,Madrid,40.37714384049674,-3.7640258512315032
Oeste,D,531,33.82617130639271,Valencia,39.50065498943075,-0.4204974957074046
Este,C,672,55.956000009175284,Barcelona,41.36931222001815,2.2097984308001895
Norte,D,843,54.569816497746544,Madrid,40.44462941062832,-3.6968020823367067
Este,D,171,173.90369910878835,Barcelona,41.4192551120243,2.1249423488655386
Oeste,D,716,50.73791437781827,Sevilla,37.35337186491984,-6.074529809986559
Norte,C,446,91.47477671720893,Valencia,39.43069790674503,-0.44796368855951174
Sur,C,710,13.699755724007584,Valencia,39.40917900743118,-0.46014806832207084
Sur,A,724,159.62995393996076,Sevilla,37.329442469505366,-5.9570345862571985
Norte,B,242,21.88238269935207,Bilbao,43.21025778173056,-2.842552529737954
Sur,A,719,26.423078463414058,Sevilla,37.44997796562825,-6.01681559042471
Este,C,667,81.2366669781698,Bilbao,43.164480172197145,-2.969958212192838
Norte,D,892,168.0636395929807,Sevilla,37.42953455271171,-6.009711209873186
Norte,A,428,140.38958649380433,Barcelona,41.42650609436137,2.2450974507196686
Sur,D,908,171.27853094082226,Sevilla,37.45981125816345,-6.01521324157636
Norte,C,670,114.32786423053194,Sevilla,37.40291705692516,-6.030970280272936
Oeste,B,980,94.78216168070897,Sevilla,37.447766119234196,-6.038790139654146
Oeste,A,162,33.29320345113768,Valencia,39.44009742243189,-0.3213080674907453
Sur,D,196,76.00784049401746,Valencia,39.48211715851133,-0.3362227757880324
Sur,A,973,175.10291589811726,Barcelona,41.337476985208085,2.1114519609405957
Norte,B,253,133.27571243141767,Barcelona,41.28648187951693,2.2641643375581566
Norte,A,776,86.77489741254757,Barcelona,41.34464049484531,2.2599501585596835
Norte,A,365,67.79379132768571,Madrid,40.32482561678248,-3.644784756948679
Sur,A,199,99.89482446367937,Valencia,39.542217550765706,-0.32694628803174997
Oeste,B,153,18.671970158660145,Bilbao,43.28168573016811,-2.901393348365808
Sur,A,957,162.8112012145723,Sevilla,37.37271512730686,-5.9132628225184245
Este,A,290,13.400343855274588,Barcelona,41.39858643352795,2.2291904698129916
Oeste,A,908,95.8674313739479,Barcelona,41.45373022546024,2.1584633999062466
Norte,B,565,170.81156792380267,Madrid,40.44253187557508,-3.629709169783666
Oeste,C,745,86.8047354703675,Valencia,39.49101458869501,-0.33320035421491956
Oeste,D,671,78.55566827662157,Valencia,39.517834360104246,-0.31479940296538605
Oeste,D,527,41.46764280986446,Madrid,40.32095979253024,-3.6768555010752038
Sur,B,248,12.945116515424067,Bilbao,43.28253884895126,-2.962217393771263
Este,D,205,164.93296168809906,Sevilla,37.3453132022138,-5.917120820359702
Norte,C,496,45.19760287744503,Valencia,39.53503333006751,-0.46843876419813624
Sur,A,354,61.55589145513614,Bilbao,43.29054249065126,-2.964761240135913
Norte,A,515,95.6239807175869,Sevilla,37.45080579150416,-6.022736354179235
Norte,A,955,117.86258946307758,Bilbao,43.229708470935044,-2.896537747536257
Norte,B,488,44.19075446935978,Barcelona,41.41038614321932,2.1301308890561703
Oeste,A,708,102.22489357296332,Valencia,39.51327412669897,-0.41458426516156266
Norte,D,304,71.35177019851372,Sevilla,37.43578816759943,-6.0493820755951155
Oeste,A,491,28.18810776752632,Valencia,39.4610591671978,-0.4020457261477918
Sur,A,881,92.56555621625913,Valencia,39.47115052209252,-0.35827765235663694
Sur,B,399,94.02768182247323,Valencia,39.42169960207195,-0.4435894790596809
Norte,B,268,24.520442511781674,Barcelona,41.31906489200447,2.1337611697197834
Sur,A,398,156.28083936644668,Bilbao,43.310715036236324,-2.9809233660350243
Oeste,A,429,25.77556193639868,Bilbao,43.18591365448775,-3.033635701197473
Oeste,B,378,161.51298360740995,Sevilla,37.35844747589658,-5.910429979114517
Norte,C,233,163.53324913950078,Madrid,40.402726037647405,-3.6053477946718404
Oeste,D,593,68.4323680331236,Madrid,40.3947724892822,-3.6421213779861845
Oeste,B,703,195.89963986943485,Madrid,40.35201775522224,-3.6924065067174197
Norte,B,449,124.57424298626243,Valencia,39.54420090050988,-0.44265311614060543
Norte,B,249,25.2223682917404,Sevilla,37.42747189657906,-6.069217885750277
Norte,A,319,128.03980588787275,Barcelona,41.287047708903216,2.1875963004830004
Sur,A,712,175.22502433731714,Barcelona,41.43477805800021,2.08364297472436
Norte,D,282,34.62493144250146,Bilbao,43.28991172642833,-2.921483808379556
Sur,C,873,193.98936122274185,Barcelona,41.32793402750231,2.1846348886293288
Norte,A,596,81.46406565267911,Sevilla,37.29757018398669,-6.0531830308189685
Norte,A,825,123.31681144731625,Bilbao,43.16309692105992,-2.991162397839102
Sur,C,224,35.77565406296545,Barcelona,41.34920543118764,2.0791297811942515
Sur,C,223,138.7467921882425,Madrid,40.4216557425168,-3.6590140483347837
Oeste,B,764,147.25584165844168,Barcelona,41.39222622357462,2.1943053584771093
Norte,D,353,162.1548955271133,Bilbao,43.19092652796313,-2.898460664926174
Norte,D,724,21.458558950270472,Barcelona,41.35216606126623,2.239072623364432
Sur,B,935,84.71986515040061,Sevilla,37.475838591993615,-5.901392510451199
Este,D,304,82.90351091197324,Barcelona,41.311249776458155,2.1772137706053787
Norte,D,696,16.559999976862102,Madrid,40.44529778748706,-3.665636720187669
Oeste,D,305,108.22188903013678,Barcelona,41.35151713203185,2.162189991441484
Oeste,A,636,90.22946253072251,Bilbao,43.16654778899476,-3.011976267941629
Este,B,587,127.27448487130998,Valencia,39.462381620870936,-0.3851608159135015
Norte,A,181,136.49253189608936,Sevilla,37.44936809951732,-5.902508317724569
Este,A,816,142.60967693561173,Barcelona,41.37787800530846,2.1961843071191747
Norte,B,679,126.90428427192884,Valencia,39.495074246152804,-0.45690580173951023
Sur,C,326,179.53486359124338,Sevilla,37.45303592172004,-5.93004953687065
Sur,C,172,131.97958719295656,Bilbao,43.26956811853593,-2.970191527674496
Oeste,C,335,70.93397489162106,Sevilla,37.37201452937886,-6.027528379282128
Sur,B,745,45.75626670173298,Sevilla,37.34162713457107,-5.95556059203673
Este,A,510,77.42166916207921,Bilbao,43.314285916795065,-2.850368864032337
Este,C,390,81.97543579626632,Valencia,39.378834098364955,-0.3554010093869816
Norte,C,876,28.85710545301976,Bilbao,43.22818347123103,-2.8826059238035198
Este,A,463,39.50861682784324,Valencia,39.522619563845986,-0.30925167118820335
Norte,D,989,181.24804528320306,Barcelona,41.392290818214796,2.143483388947338
Este,A,894,36.01090352502307,Sevilla,37.315750420298635,-5.9348713563206985
Este,A,308,108.02746657737653,Bilbao,43.233219751995506,-2.846646153005157
Sur,B,402,165.59844392913007,Valencia,39.55263777543535,-0.37338629211051433
Oeste,A,731,24.77691114048423,Bilbao,43.32743457717025,-2.959246419232034
Oeste,A,414,174.16509354625137,Valencia,39.54119311820948,-0.4467302319768218
Este,B,449,55.4027605181161,Sevilla,37.4088609985982,-6.0022472808704865
Sur,D,619,148.4961224183969,Madrid,40.48134977040346,-3.67162989417295
Sur,B,759,182.26933536668795,Valencia,39.48127083096067,-0.4132668708614799
Oeste,A,466,85.3990950611449,Valencia,39.507025572094086,-0.30385860522235664
Sur,B,807,10.092227120518483,Bilbao,43.2870030615383,-3.024727217419123
Norte,B,193,127.08222717693266,Barcelona,41.42999427909241,2.129982031590645
Oeste,D,636,132.6328135714665,Sevilla,37.440347486937405,-6.00864250661385
Sur,D,777,108.31354007513119,Valencia,39.49457070523854,-0.3398941153405539
Oeste,D,868,120.97738201282337,Barcelona,41.447538124716665,2.211211228211956
Norte,B,662,61.30074850293064,Sevilla,37.317107834292614,-5.940023063432194
Norte,C,160,24.844406780175945,Bilbao,43.22772402341585,-2.839604877731419
Sur,B,241,130.2531754944162,Madrid,40.46768060653902,-3.6210734665149498
Este,A,145,187.24584926948435,Bilbao,43.16930871841401,-2.9732842795351924
Sur,A,282,88.33566277625408,Madrid,40.32876004829769,-3.6262871554830776
Este,D,275,177.69309097857723,Barcelona,41.379722499454374,2.1015873071441398
Oeste,B,272,41.574793453601956,Valencia,39.52243300924307,-0.4310322200969635
Sur,D,763,172.60221306685492,Bilbao,43.3103093513596,-2.8721710093049877
Sur,A,652,50.51758678070509,Madrid,40.50778732304242,-3.6570301620599404
Oeste,C,925,34.63630097076802,Madrid,40.46263793308382,-3.6457598911047677
Sur,A,899,182.88190443222996,Valencia,39.50634534365166,-0.43345583626679396
Norte,A,476,55.45337700412081,Barcelona,41.43465550293101,2.2593201326479493
Norte,A,688,139.4022356764732,Valencia,39.46043455536043,-0.4735404574943469
Sur,B,693,85.97732399305492,Sevilla,37.394525765452826,-5.893014468064491
Sur,B,158,76.57696987322012,Valencia,39.49251683230177,-0.3374093749803763
Sur,D,624,15.489053659405599,Sevilla,37.46601300139498,-5.952205030533376
Este,D,491,177.52405774921638,Barcelona,41.43119306616481,2.1212566239724904
Norte,C,964,66.67159205230163,Sevilla,37.47085355079226,-6.03355204496494
Oeste,D,187,116.92000731748995,Madrid,40.46387063451939,-3.787098445409372
Este,C,277,101.29461615131018,Valencia,39.382762015671766,-0.39902340839131145
Este,A,628,181.74080638755305,Sevilla,37.30508389521623,-5.981737908280037
Este,D,429,104.24426974639962,Sevilla,37.3177864163614,-5.997441041290785
Sur,B,900,195.61465271066447,Bilbao,43.23180860625448,-2.94947983659453
Norte,D,679,32.39200414451112,Valencia,39.4828498524051,-0.40946828680729447
Oeste,A,925,151.1210812387053,Valencia,39.43266861450644,-0.37409404363372667
Sur,C,119,148.82539463449208,Madrid,40.337096160377165,-3.7608059041138873
Este,B,631,114.01015181740782,Barcelona,41.46151167388238,2.096741271113402
Oeste,D,469,53.38798498011104,Barcelona,41.33645873573969,2.2020688920037013
Sur,C,793,83.06655700740444,Madrid,40.449693936638226,-3.6043441021555
Este,D,499,178.05956665524315,Valencia,39.55225916303755,-0.29645389514396164
Este,C,488,138.54773300655972,Bilbao,43.206762982723234,-2.9785009511178844
Oeste,D,458,18.622428229865974,Bilbao,43.206261983756754,-2.8368586692484947
Este,A,461,177.94123411979015,Barcelona,41.38465741220771,2.2599476511849135
Este,D,700,92.39083976372433,Valencia,39.43090479226112,-0.36253644651964073
Este,D,334,77.36448884263652,Barcelona,41.33943345921115,2.1890663232739613
Este,A,107,110.93382967730238,Bilbao,43.27763043785832,-2.9840107754257694
Sur,B,610,64.08123975449367,Bilbao,43.34777394444114,-2.9467394468480164
Sur,C,127,91.72096356678529,Valencia,39.37230483153136,-0.2822793151906592
Sur,D,859,125.09544985709334,Barcelona,41.483250121140436,2.1117918364163875
Sur,A,128,170.05181268713434,Valencia,39.4232854423151,-0.3958081131377359
Sur,A,923,191.35444644873382,Bilbao,43.16762498504698,-2.9482302266197506
Sur,A,712,107.94128867456084,Barcelona,41.38759505149861,2.1615157025552825
Oeste,D,243,186.18160077759134,Valencia,39.41844653811668,-0.4540810832963776
Este,A,226,142.98621653206865,Valencia,39.52594848150288,-0.4085009619040984
Norte,A,100,137.73437133982347,Valencia,39.45092860482439,-0.33025536914358933
Oeste,B,837,29.015587562020496,Bilbao,43.19089167482083,-3.002514006244458
Este,B,539,57.70046782913806,Sevilla,37.47946209942293,-5.919963568872378
Oeste,C,277,12.08491353496509,Barcelona,41.40975329240158,2.127595393867809
Norte,D,614,73.2998175674702,Bilbao,43.24773457158495,-2.9465750369324226
Este,B,613,74.11502028131227,Bilbao,43.22547117365541,-3.0088073882765825
Oeste,C,892,138.26063112126548,Madrid,40.48651838082163,-3.76449889265116
Este,A,391,26.943213687880238,Madrid,40.405726000400556,-3.6056900017045206
Norte,A,675,132.91934129759318,Bilbao,43.295400154665444,-2.994506464751159
Oeste,A,354,121.66503463527577,Sevilla,37.43295672605171,-5.913312258381575
Norte,A,752,16.43421081864807,Barcelona,41.436356172305295,2.223698018762659
Sur,A,993,129.88839948971116,Barcelona,41.34353318638856,2.2099041036405525
Este,C,212,188.1442698443461,Sevilla,37.46819750380017,-5.972848397969845
Sur,A,307,96.61852265339483,Valencia,39.48213104136505,-0.457886747017139
Norte,C,208,68.1779441928409,Bilbao,43.32775751679303,-2.962064395780462
Norte,C,532,34.60370885269457,Valencia,39.396669730422616,-0.4030285663702975
Este,C,402,162.1176826899417,Madrid,40.43887765925367,-3.622879975768111
Norte,A,297,49.72651277323952,Sevilla,37.318590797289815,-5.9030034331023105
Oeste,C,102,129.26513518105952,Barcelona,41.37635858144897,2.078470504373954
Este,A,981,127.2823517478846,Sevilla,37.301769379704155,-6.007122382463938
Oeste,C,281,148.6696817486392,Bilbao,43.26139169068228,-2.860488834175152
Sur,B,339,184.50112018159575,Sevilla,37.32724517626635,-5.996948057355694
Sur,A,418,185.9356746767043,Barcelona,41.304007141065476,2.1598323704111944
Sur,C,885,152.30494099634186,Bilbao,43.20277391324688,-2.951533460048685
Sur,B,817,29.394763828222295,Barcelona,41.45405664594146,2.10820836476438
Este,C,391,86.32333383433294,Valencia,39.47558771945494,-0.27790558374900154
Sur,D,413,171.46899405128963,Bilbao,43.18079233277279,-2.8572897034559177
Sur,D,426,120.26767487402171,Madrid,40.328235014610726,-3.7670403058110487
Oeste,C,835,33.20706911931598,Bilbao,43.331799443555035,-2.888264874987732
Norte,D,933,184.27239809947545,Madrid,40.36323221344141,-3.738775205340057
Oeste,A,453,119.30549901175286,Barcelona,41.34501259356429,2.1569718435909158
Norte,A,168,149.19627701578534,Barcelona,41.36678112046582,2.0850101745388714
Oeste,D,883,41.84304840072346,Sevilla,37.30949889756088,-5.993449235274815
Oeste,B,317,154.1113056779486,Barcelona,41.40360411651516,2.211805775242545
Norte,B,812,100.96927337005175,Bilbao,43.254237659949794,-2.919306061634401
Sur,D,120,90.01468894403976,Barcelona,41.482518418367754,2.2637396016478264
Sur,C,137,193.87909197602016,Madrid,40.43980109332923,-3.6823760251788706
Norte,C,629,97.75916351176008,Barcelona,41.42453338902007,2.2689803471898413
Sur,D,249,42.071169348466555,Sevilla,37.45787332411038,-6.016768631093429
Sur,C,159,190.23329129824077,Madrid,40.42971613099659,-3.7922813084315714
Oeste,C,213,86.32674636385413,Valencia,39.53090540946568,-0.348663467397823
Sur,D,937,105.93346963398992,Bilbao,43.17673518654314,-2.859695793228426
Este,B,791,124.03515771131364,Madrid,40.402303259029544,-3.6596110453895494
Norte,D,259,34.15657008140235,Sevilla,37.39672350086534,-6.014645484795335
Sur,B,456,58.82292140327068,Valencia,39.420811492924194,-0.3388899181940327
Este,D,612,147.78435294230778,Barcelona,41.34590944598671,2.0948147468044347
Oeste,A,280,73.05764870559828,Sevilla,37.40005911766394,-6.0107445110476085
Sur,B,909,64.0671041848363,Barcelona,41.4595882037987,2.110230304988613
Oeste,A,897,151.40822945529737,Madrid,40.35581380304666,-3.6881091787793965
Oeste,C,116,14.052213217018673,Barcelona,41.45014651120003,2.165525085456203
Este,A,475,25.706453116309124,Bilbao,43.33118751319207,-2.9244377599912763
Sur,B,475,22.154989680106258,Valencia,39.45833936537072,-0.43431232047545476
Norte,A,607,96.664568414661,Sevilla,37.3122251079781,-5.934786576959727
Norte,C,172,73.97710555869381,Bilbao,43.19613010394694,-2.880395866588783
Norte,D,530,179.51218003480298,Valencia,39.40850925676264,-0.358714443981776
Oeste,C,352,28.52530627260218,Sevilla,37.36214461142146,-5.9303238234799895
Sur,B,999,56.16374979604937,Sevilla,37.44259130202172,-5.900076134036742
Oeste,C,917,16.451310834116164,Bilbao,43.291573412196946,-2.873272068499803
Oeste,B,816,58.06112629199842,Madrid,40.510029457222494,-3.674236505066945
Sur,C,185,82.51711022883106,Sevilla,37.465241748791634,-6.038089315433914
Este,B,382,34.277987590429134,Sevilla,37.4327118045681,-6.002542841816766
Norte,B,308,27.195819519576744,Barcelona,41.46014270519045,2.229508549625563
Norte,A,286,184.64280834555424,Madrid,40.319851575627276,-3.629553328998229
Oeste,C,399,124.43728411775788,Valencia,39.38681619612592,-0.411842501736686
Norte,B,280,131.96400651155636,Valencia,39.53650775057625,-0.43392830788654196
Oeste,C,735,80.72055948246847,Valencia,39.52055927396872,-0.2770465770081124
Oeste,B,379,166.99065226090542,Madrid,40.400811407325676,-3.6134489676865535
Sur,D,277,134.4205047768413,Valencia,39.400963282500705,-0.395621442461793
Oeste,B,637,178.99619800912998,Valencia,39.3940500070253,-0.2967039761347988
Sur,B,617,31.87643994323646,Madrid,40.408027200148766,-3.772180833012034
Norte,A,196,111.78734685636654,Bilbao,43.294265766297805,-2.8890479758856835
Este,C,480,20.920849937735788,Sevilla,37.430603304452774,-6.056659897786569
Sur,B,219,104.4384696373696,Valencia,39.422279411272505,-0.3878661407149525
Sur,A,798,10.965741908142018,Valencia,39.46955938102756,-0.3441308817816169
Oeste,B,363,175.3393515409823,Bilbao,43.21158947564884,-2.852716364051644
Este,A,897,157.51383904788574,Bilbao,43.20196272823281,-2.90966474168206
Sur,B,458,198.08207592509365,Barcelona,41.47987305682562,2.2289760840159447
Este,B,486,95.74581116490509,Madrid,40.47070416946143,-3.7901992644451443
Este,C,953,112.84436543404601,Barcelona,41.457254581595286,2.2278214988527227
Sur,C,661,39.83376132044468,Bilbao,43.2444769703453,-2.9244282555449486
Este,D,782,108.6974212341495,Madrid,40.368031928712185,-3.719257598390194
Norte,D,703,22.729207806699605,Valencia,39.510443305549636,-0.47046223024109945
Norte,D,995,66.23088297892568,Valencia,39.459100092345906,-0.3563327134585986
Oeste,C,644,12.884946514996104,Madrid,40.36305632319296,-3.7967477328992816
Norte,A,332,177.49888099428503,Barcelona,41.3082638844198,2.11562513548587
Este,C,837,69.5914365918797,Madrid,40.472242345564766,-3.6765248912679156
Oeste,B,654,38.760016144181336,Sevilla,37.44832746983898,-5.975720481357867
Este,A,329,17.058549094847976,Madrid,40.4343372102405,-3.788654834733809
Sur,C,894,191.40533829833166,Madrid,40.41351420940885,-3.607907523779313
Este,A,680,142.41809216783045,Barcelona,41.4356280576841,2.097100046551997
Este,D,526,193.3426103210479,Sevilla,37.41685618520481,-6.062144823693552
Norte,D,232,158.7141576511485,Madrid,40.3249118513032,-3.6142073049478474
Este,C,393,19.900199010450415,Barcelona,41.31575407616438,2.2049353599159462
Este,D,105,90.24914832063106,Sevilla,37.34294067883972,-5.9647916476289895
Oeste,B,185,143.6907968757631,Valencia,39.38463476256544,-0.41784914052976363
Oeste,C,174,79.65153450487061,Bilbao,43.30357494676319,-2.9874102047955855
Norte,C,751,140.33113561206298,Madrid,40.411716559948346,-3.6063064275312087
Sur,D,259,15.62775670150608,Barcelona,41.43359627530925,2.2284912572047624
Este,B,517,187.3266501188164,Bilbao,43.22458105692813,-3.0101668991262374
Sur,A,590,23.426353211792076,Madrid,40.32092264050817,-3.6865245071321566
Oeste,D,232,72.165048730364,Sevilla,37.37510211609929,-5.925999992616836
Oeste,C,306,26.460407192209907,Bilbao,43.21995617310692,-3.027366073482974
Este,D,334,127.71877842839676,Madrid,40.39736475306927,-3.6084994168126694
Sur,D,953,95.83369150121436,Sevilla,37.48035825879275,-5.9006672996017215
Este,B,292,157.34386346462585,Bilbao,43.35631600499303,-2.9008393835980772
Oeste,B,366,93.69473059255,Madrid,40.44729555690016,-3.6698924024450283
Sur,B,696,134.15045044353246,Sevilla,37.324071844496494,-5.965597112279
Este,D,510,111.56453107101152,Barcelona,41.436643405687505,2.1576760537400377
Sur,A,422,41.09119648978831,Madrid,40.361844911007964,-3.799160664215717
Este,C,139,117.53807793050265,Sevilla,37.42310092974416,-6.080115286268298
Norte,D,877,43.23528160351431,Barcelona,41.4049692839601,2.2423858356802207
Sur,A,623,40.58718315745392,Madrid,40.48621898091036,-3.6909414177227853
Norte,D,869,41.77654070010219,Barcelona,41.34096134582734,2.195151860306985
Oeste,A,913,119.76691970833299,Valencia,39.53166532705655,-0.3163285214110233
Este,C,508,186.6260486129597,Valencia,39.41566501814314,-0.43668895178280087
Oeste,C,729,99.46081535884886,Sevilla,37.3390829645059,-6.058027465840567
Norte,C,326,40.12916862569931,Sevilla,37.31821243266358,-5.999845682246064
Oeste,B,273,116.97348760378053,Bilbao,43.25901839200383,-2.8973333463857407
Este,B,317,107.9558163690485,Barcelona,41.320642384569766,2.1146930435728177
Este,B,795,88.00700878881075,Madrid,40.48173831566914,-3.7220708057881655
Norte,A,974,71.4058684718835,Barcelona,41.48366765230891,2.112691032470535
Oeste,D,228,176.7581006941736,Sevilla,37.456288471312085,-5.953737448670875
Sur,A,559,53.042844999563336,Valencia,39.54440082637592,-0.296056363650638
Norte,B,215,67.52207091533683,Barcelona,41.36456222228922,2.206911537239422
Sur,A,696,12.255296427433606,Sevilla,37.35293540232037,-5.885180995373699
Este,A,559,181.72535317492213,Valencia,39.41261353497342,-0.3566305148480824
Este,A,298,50.070637367665775,Valencia,39.47118330586959,-0.4461542935097626
Oeste,B,698,36.264734271818114,Sevilla,37.45585691346737,-5.94137787122657
Norte,C,905,108.12539709038165,Valencia,39.37918326392749,-0.43085775307380264
Oeste,B,671,48.7757634941553,Madrid,40.43365926708484,-3.654144218943051
Este,C,162,103.32172346319213,Madrid,40.460485537071804,-3.797355596587289
Sur,D,160,61.04295024707398,Barcelona,41.437274677880254,2.1443450527398125
Oeste,B,504,151.40719725198096,Bilbao,43.278065126658745,-2.9170241727377952
Norte,B,154,118.27223162722382,Sevilla,37.295769277630264,-6.049493430033753
Sur,A,323,101.48762433726056,Bilbao,43.17171206495274,-3.0104961633752905
Sur,C,193,94.55457040379231,Sevilla,37.34787053042907,-5.975380883096352
Este,D,220,14.659434577131506,Barcelona,41.42422226399675,2.2723308900338886
Norte,C,645,101.86460463475534,Bilbao,43.25294284149736,-3.0094411672371955
Norte,B,805,179.5657423427754,Valencia,39.489485424268466,-0.4190653725922794
Oeste,D,141,192.60331199725906,Valencia,39.548495117294415,-0.4209126408228677
Este,A,525,194.91147208038694,Valencia,39.51327630036074,-0.45710465970466846
Norte,C,714,97.7735949159248,Bilbao,43.34167562747126,-2.996258600054517
Sur,C,229,22.86047050151498,Sevilla,37.38829886796226,-5.963736451432567
Oeste,B,705,182.46751773628142,Madrid,40.42678901174801,-3.6776044680177473
Norte,A,808,18.22886506094602,Valencia,39.51213167734636,-0.32544456554336887
Norte,A,907,76.32397158247164,Bilbao,43.334876964850814,-2.9095718728441904
Oeste,A,800,63.54320768384742,Valencia,39.373216698221455,-0.472215911756185
Oeste,D,502,122.09440299636277,Madrid,40.341686632781524,-3.779505422354476
Sur,A,657,71.20893691977783,Bilbao,43.33154578794086,-2.866699922350751
Norte,A,650,197.47855784048807,Valencia,39.401382498906116,-0.32851239830155915
Oeste,A,459,169.7300269034067,Barcelona,41.45562944573037,2.145167957412028
Norte,D,782,161.8777775175262,Bilbao,43.31977318191141,-2.8963796837613054
Sur,D,915,165.49696749847175,Valencia,39.38223564742364,-0.4367221485444589
Norte,A,660,175.1148374542011,Barcelona,41.43718140299625,2.1713287420210436
Este,A,810,114.17616268544566,Sevilla,37.3827762731254,-6.019179180025619
Este,C,734,36.863635581264774,Bilbao,43.28072640862402,-2.9053851801729444
Sur,C,547,49.176717598990635,Madrid,40.39730536696143,-3.667324749174137
Este,A,378,89.35223606399757,Bilbao,43.20217974024413,-2.983655329567408
Oeste,A,314,127.23432762241765,Barcelona,41.43752960362371,2.113149739123307
Norte,B,697,44.320675605020156,Bilbao,43.20031087744662,-2.8633459946373994
Sur,B,224,44.272155475170855,Madrid,40.489586115551376,-3.715328194334824
Este,A,780,54.013004543238594,Barcelona,41.3096717472917,2.13253575526903
Norte,B,117,112.94040506885854,Valencia,39.37024169746997,-0.30667414940016613
Oeste,B,881,102.53316100640647,Valencia,39.51260815058226,-0.3602452773537768
Sur,D,360,168.15728778767235,Bilbao,43.20897076824634,-2.897926962939549
Norte,D,341,18.443578091958166,Sevilla,37.29286278604119,-5.966237101535883
Sur,C,663,84.53887744248242,Barcelona,41.4682047550375,2.0739572885655075
Oeste,C,218,170.74120652647952,Sevilla,37.29703964037302,-5.8985410289355595
Norte,A,203,97.51981710492224,Barcelona,41.458986871160555,2.208564799684155
Este,B,502,63.34458289909632,Barcelona,41.44657364635107,2.1933917418228845
Norte,A,311,10.782889114223607,Bilbao,43.316436099187115,-2.9570000575782
Este,B,735,83.86406801104378,Valencia,39.45198719733119,-0.3249152050651464
Norte,B,819,87.52575496511628,Madrid,40.42780962528564,-3.7982570441373644
Este,A,536,79.4730586684542,Madrid,40.39429165835634,-3.799621171162609
Norte,B,603,123.53386623335732,Valencia,39.50412137584266,-0.38964365999754036
Oeste,D,317,106.83745485005622,Barcelona,41.289144377919904,2.1614017911073486
Este,B,731,68.41865063857773,Sevilla,37.31838736636778,-6.0663035459063455
Norte,C,600,63.81313104546673,Bilbao,43.254904407175985,-3.0082605318012305
Este,C,376,151.1591391326468,Sevilla,37.30719927971198,-6.015214410740475
Este,D,602,31.797843321179805,Valencia,39.408774739771175,-0.3124154763156787
Este,B,153,134.21734139629336,Valencia,39.43818479459054,-0.4397335041031798
Este,B,638,76.51878688600232,Sevilla,37.43249237077472,-6.007341396083768
Norte,C,494,133.4102076544931,Sevilla,37.44409847019244,-5.991149773223161
Oeste,C,606,42.93524544420265,Sevilla,37.44384904356936,-6.025514632535817
Norte,D,762,161.6537852980388,Barcelona,41.48015411362449,2.174657423486215
Oeste,C,610,196.38431966112032,Madrid,40.39440265738102,-3.7831354987051786
Oeste,C,681,111.23767850976192,Madrid,40.41745675808306,-3.6711391932266637
Norte,C,856,69.01575406552959,Sevilla,37.36851044844979,-5.923693181629957
Oeste,A,351,10.137758045899792,Sevilla,37.33632462105746,-5.917365583946138
Norte,C,253,134.67941505526915,Barcelona,41.45970028840445,2.268428140387286
Oeste,D,774,12.857380375889234,Sevilla,37.376246483961296,-5.906282535524714
Oeste,B,534,59.90153206116704,Bilbao,43.287453421502356,-2.8493611231333893
Norte,C,437,171.85596598491497,Barcelona,41.353386297753616,2.230384577249987
Este,B,294,167.29627472799876,Barcelona,41.30584492261054,2.2198887517580053
Sur,C,182,174.78796224529097,Sevilla,37.44287671639006,-5.952426662490662
Oeste,A,473,27.26301777137744,Barcelona,41.30225656357089,2.253431230148646
Oeste,B,336,94.17381957960563,Valencia,39.45262808380876,-0.30695358377805193
Sur,B,775,122.44259135922755,Valencia,39.41940636468873,-0.3839854632634366
Norte,A,787,88.75561462848115,Bilbao,43.36121552603506,-2.917962574469327
Norte,B,115,184.54893689241663,Valencia,39.54567049483113,-0.3038863206413982
Sur,B,160,63.48840406642567,Bilbao,43.31089476414376,-2.9995435809042466
Norte,B,621,181.3562457839058,Sevilla,37.3414127882439,-6.078401296124883
Este,A,453,57.206829272102354,Sevilla,37.45844755805263,-5.959289859317736
Sur,B,553,19.44372049889446,Madrid,40.3947362650269,-3.694454936741471
Sur,A,625,68.54033769733668,Bilbao,43.18338430830787,-2.8719887544063707
Este,C,581,190.00592495509025,Sevilla,37.305435938716556,-5.921251391467526
Sur,D,213,92.60173852752858,Valencia,39.539842725984265,-0.3629052348552144
Sur,C,110,22.69480537586545,Valencia,39.40772235769497,-0.4417949983780609
Este,B,979,127.23486256751788,Madrid,40.46976417676353,-3.654481540359737
Sur,D,555,156.4924410675572,Valencia,39.53850396012296,-0.3614443378167216
Sur,B,364,88.97212734649561,Valencia,39.470884398139354,-0.29639776217882563
Oeste,B,693,114.0390896230163,Barcelona,41.41487979193928,2.1194410710128633
Norte,D,306,29.115008072025688,Sevilla,37.32840904492933,-5.998616115214773
Sur,C,731,97.17322056298366,Barcelona,41.34119169316523,2.209513526735679
Norte,D,219,56.161672150413786,Valencia,39.49075789652461,-0.4070812871991771
Sur,A,508,25.898790759984966,Valencia,39.51362581608525,-0.3060866473751924
Norte,B,476,64.00422259310017,Madrid,40.42641350397738,-3.679989413900941
Norte,A,116,117.12773730461605,Valencia,39.44908357025145,-0.460652198369133
Sur,A,142,14.657204016872345,Bilbao,43.3496618487454,-2.841370380945583
Norte,D,514,69.46545563635911,Barcelona,41.42983995286904,2.1603985717877943
Sur,C,416,125.4633030605699,Valencia,39.371454047628944,-0.40351855187490066
Norte,D,207,39.01060308745839,Barcelona,41.28991032184879,2.2343925232017146
Oeste,A,466,58.76720886880467,Valencia,39.56621931596976,-0.3140107537646465
Oeste,D,461,116.4471306711752,Valencia,39.552828158060386,-0.4156357714133246
Norte,A,522,128.36458387657333,Sevilla,37.447539470994236,-5.899016289645047
Norte,A,842,143.1102235915483,Sevilla,37.32077282660984,-5.951911202099443
Sur,C,214,45.74058501634829,Madrid,40.47305834328432,-3.7461241253862623
Sur,A,869,173.27647074184424,Madrid,40.49920703718834,-3.7967739234837925
Este,D,294,182.6768841847268,Madrid,40.37581963013984,-3.791941357398716
Oeste,B,972,85.50914871002476,Sevilla,37.45379846777464,-6.060594467301846
Norte,D,593,169.85783157716605,Madrid,40.488090640801026,-3.7486966514028564
Norte,B,689,180.51011408513222,Barcelona,41.47482172067758,2.085046973152622
Oeste,B,494,160.84897023398506,Valencia,39.50846007598019,-0.4337394168917076
Sur,D,510,94.01097328423945,Barcelona,41.47345134239707,2.13463883940969
Norte,D,470,22.002299649372166,Madrid,40.49097749961944,-3.760129692526421
Sur,C,283,103.9455881497464,Barcelona,41.42111337509189,2.1994899951460667
Este,D,348,86.49729106263635,Bilbao,43.30073733604456,-2.9803262129309567
Este,B,893,95.0322819072727,Valencia,39.51709186987167,-0.44968663573623546
Este,D,178,81.84665637297778,Madrid,40.435735503939476,-3.7489676440526147
Norte,C,818,108.277325971243,Bilbao,43.18505719704428,-3.0095849503097876
Oeste,D,855,17.940761457451337,Sevilla,37.445773858695205,-6.0306581728371835
Este,D,337,73.61798485741117,Sevilla,37.293643325566826,-5.9090447914238355
Sur,C,598,116.76611031582411,Barcelona,41.28639341327024,2.172392692252076
Norte,C,596,173.1631893354164,Sevilla,37.40466867515523,-5.9308329166435305
Norte,C,556,129.33710410484866,Valencia,39.37430235587738,-0.4697116039897553
Sur,A,267,98.80187935105968,Bilbao,43.35224102030641,-3.0185392656852805
Norte,C,266,73.62746002740494,Bilbao,43.28310837854936,-2.962078364046755
Oeste,A,355,107.89175519950491,Valencia,39.401380942143106,-0.297114298727027
Sur,D,786,74.37752919848432,Sevilla,37.447145896420786,-5.936687597225552
Oeste,D,537,67.43931257292707,Bilbao,43.24112896213403,-2.88019024493705
Este,A,212,159.95356839724482,Valencia,39.37299245924492,-0.4576561696399453
Sur,D,511,70.3537727974225,Barcelona,41.28795301729298,2.2063191377381988
Sur,C,254,86.67905171486531,Madrid,40.436082571634685,-3.6187278247978156
Sur,A,789,102.872936040219,Valencia,39.54794117769619,-0.4566789141517317
Norte,A,528,55.746117378667975,Madrid,40.48526827365252,-3.605451776008469
Sur,B,117,64.85466598708214,Madrid,40.403508309366124,-3.794073515750659
Sur,D,125,35.06516525128809,Bilbao,43.27187268774046,-2.9882976623555053
Sur,B,723,97.8068764782903,Barcelona,41.454422986578116,2.2358153372474407
Norte,D,921,46.87431789895734,Sevilla,37.29243043371704,-6.059787674811149
Sur,D,147,12.665694452885138,Valencia,39.399146367308305,-0.3601722967713624
Norte,C,320,196.1254934993495,Madrid,40.35683454827102,-3.7361700331069563
Este,B,979,167.44964474363863,Madrid,40.49364463382405,-3.79046677436463
Norte,A,120,27.8297077033126,Bilbao,43.34663981560689,-2.903485529043323
Este,B,754,40.19799471259775,Sevilla,37.34064380066526,-5.960018300604122
Norte,C,442,35.8467460121329,Madrid,40.394322780162646,-3.7677909329739165
Norte,D,324,177.43990279242684,Madrid,40.41089446056001,-3.6961465790418937
Sur,D,262,171.4440944067028,Bilbao,43.250275395952634,-3.009270528443257
Sur,D,204,37.763975671944664,Valencia,39.48376428627517,-0.35175990631033643
Oeste,B,303,145.43384731384887,Barcelona,41.41840505266911,2.115096652200847
Oeste,D,648,156.50869747095214,Madrid,40.36342782352551,-3.7122469228425645
Norte,D,406,65.4778996644333,Bilbao,43.293007656223175,-2.849937210868285
Este,C,171,110.83075256693579,Barcelona,41.291617170919295,2.188108341874312
Este,A,843,46.546986909067485,Barcelona,41.368305797257115,2.2020674732619296
Este,D,100,157.76171658277656,Bilbao,43.32642329281959,-2.902816542011018
Norte,B,205,52.295554514818804,Bilbao,43.163056852808964,-3.028780213790295
Este,B,423,65.12095866801023,Madrid,40.38853162742434,-3.670061548114289
Norte,A,726,60.544236322404544,Bilbao,43.30193000881629,-3.031465616140702
Oeste,D,211,62.639525297331765,Valencia,39.55365061590036,-0.2816863897526106
Oeste,C,296,189.02404080990658,Madrid,40.3999752109452,-3.6117666742976695
Norte,A,219,57.922819110270474,Sevilla,37.34000043704367,-6.027981120890513
Este,C,579,185.91402097627952,Bilbao,43.32468037652421,-3.001217778964522
Este,D,190,151.02745087433806,Madrid,40.32895239910356,-3.713157021502704
Sur,D,766,10.830998718288754,Bilbao,43.358799410888075,-2.996445819140113
Norte,B,831,77.62168567407423,Madrid,40.37928162228237,-3.6254632557863644
Sur,A,680,63.607433808084636,Barcelona,41.343290884147166,2.263798930900605
Norte,C,972,73.82220362968815,Barcelona,41.286310530793045,2.260184642749418
Sur,A,139,16.986474793280458,Barcelona,41.462013423398176,2.266288245543224
Norte,D,349,93.86854103232648,Sevilla,37.487814459108876,-5.99837076131358
Oeste,B,500,90.67635236662474,Madrid,40.509885373628805,-3.7731092369496357
Oeste,C,748,117.25073421436096,Madrid,40.414806658267345,-3.652956521233548
Sur,A,363,72.54912271211995,Sevilla,37.34071595322223,-6.051971551844281
Norte,C,935,188.72259536876953,Madrid,40.43158540557213,-3.6523735183342163
Norte,C,740,167.64832505544976,Barcelona,41.2927315105122,2.1786952615688095
Este,B,874,86.99886678823226,Bilbao,43.304444963873195,-2.9446101891751897
Sur,C,886,101.96252496577395,Sevilla,37.48553191094088,-5.961108537184237
Sur,C,930,182.84140023500692,Madrid,40.487938664442225,-3.620122330683198
Sur,D,644,116.45337112549325,Valencia,39.52750258075449,-0.2925100442645396
Este,B,746,180.79087795603257,Sevilla,37.425395826854874,-5.968996514160188
Oeste,B,445,82.32158215512594,Valencia,39.55259829538064,-0.34643030657864776
Sur,D,618,145.1870970478991,Valencia,39.55259066895108,-0.3002735036191252
Sur,C,664,77.48751701895065,Sevilla,37.385691286097796,-6.040931766460171
Norte,A,134,127.13670132076858,Bilbao,43.29554241691292,-3.0068581110421104
Norte,B,284,72.87803112739871,Barcelona,41.46242304004374,2.107586536740848
Sur,B,637,164.39891438540724,Barcelona,41.45737777501575,2.109822808490336
Norte,B,681,28.35525956508822,Barcelona,41.306951115661015,2.118425307583245
Sur,D,426,34.55531024061274,Sevilla,37.414853443348974,-5.974220388875742
Este,A,216,158.26064592655985,Barcelona,41.369798474862236,2.2140932594950584
Oeste,C,390,22.933654639242615,Valencia,39.428729074747004,-0.3012953723381118
Sur,B,548,193.27779578844985,Barcelona,41.39966050460638,2.115394572794686
Norte,B,672,56.07401582601845,Bilbao,43.29255676344905,-2.8725437165381495
Este,A,552,162.16993176338795,Madrid,40.328823908446026,-3.720644722012792
Este,B,236,67.24101164161772,Valencia,39.5659114439382,-0.30321844241624796
Norte,B,262,42.979311451644,Bilbao,43.2112534919218,-2.8631956897494915
Sur,C,671,53.77931920000642,Madrid,40.392558508162224,-3.709210291541171
Este,C,861,104.64508185225566,Barcelona,41.35598284656075,2.2427843349321037
Sur,A,439,39.27396975305209,Valencia,39.45776999075241,-0.4700750315285446
Sur,B,953,183.52921087540358,Barcelona,41.352290312698116,2.268235454147871
Sur,D,582,100.08422035310895,Barcelona,41.325776289527376,2.1144783969015486
Norte,C,960,101.8624682480349,Madrid,40.488562747937415,-3.733443047005195
Oeste,A,847,65.21167330436923,Valencia,39.46989022592776,-0.34585782862128
Oeste,C,298,27.216693045619415,Barcelona,41.40926902280343,2.2106593627387654
Norte,D,448,44.860656711058425,Sevilla,37.4696853389724,-6.061857839441969
Oeste,C,696,195.2607994290925,Sevilla,37.39274630119871,-6.039270276244005
Sur,A,210,191.2645163202407,Sevilla,37.38374300509185,-5.905774490602548
Sur,D,918,92.87201746658694,Bilbao,43.27624734944947,-2.9917646858164275
Sur,A,970,31.526784985460502,Sevilla,37.45688808812765,-5.913413278539965
Norte,D,169,90.15133551605665,Sevilla,37.363628586835816,-5.982613789896011
Este,A,397,144.12999742454593,Barcelona,41.41943926295579,2.116703843595793
Norte,A,328,197.4087739375802,Bilbao,43.21100531102698,-2.9024642348051684
Este,A,940,21.68753673689892,Valencia,39.44468867294668,-0.34173015713270866
Sur,A,230,130.78513280144094,Bilbao,43.24501733600902,-2.8694880560068246
Norte,B,994,86.15275422281417,Barcelona,41.463612839472205,2.1705767799802236
Oeste,A,671,30.313680128497726,Madrid,40.38255934287037,-3.7909908337151483
Norte,C,898,156.0034350144316,Madrid,40.385980503985564,-3.6698393052009877
Norte,A,179,135.51705971803264,Sevilla,37.333318211008574,-5.928883056910575
Norte,A,355,91.82118502049813,Madrid,40.41788205700651,-3.7066954756467783
Oeste,D,390,77.71063144799649,Madrid,40.46504726047695,-3.6262434150382523
Sur,C,547,103.29417133607166,Valencia,39.563961074717994,-0.4178483692841397
Sur,A,560,126.78956690029875,Madrid,40.46215946281159,-3.7801302088488735
Este,A,418,192.49265426703508,Valencia,39.420262224611584,-0.4629043415908744
Oeste,B,567,119.93079097229165,Valencia,39.43126896112024,-0.3956338957611493
Este,A,979,59.26634519573321,Madrid,40.446813896020736,-3.760511716060693
Oeste,B,864,62.54901768540401,Valencia,39.46287110263473,-0.4705985666812734
Este,D,375,199.45313391166684,Bilbao,43.22090186543174,-2.852086775847827
Oeste,C,256,194.3107644900837,Barcelona,41.367441668641604,2.138945202820129
Oeste,C,691,34.80491790888659,Sevilla,37.37480197239854,-5.892993932427094
Norte,B,474,141.93759773479348,Sevilla,37.479581526744205,-6.066525983386603
Oeste,C,201,184.35786823375486,Valencia,39.55109953655014,-0.36948394794748873
Norte,A,380,55.227227496346664,Valencia,39.50788069439342,-0.3694132057128908
Oeste,D,996,156.55550016950207,Barcelona,41.40831051513723,2.187105750255222
Sur,B,419,176.48927015027175,Madrid,40.45014813023689,-3.6465382907941057
Este,A,216,53.02361970279573,Sevilla,37.35021045443494,-6.024577126398234
Sur,D,228,145.77577135257613,Madrid,40.4494037589979,-3.729222727560045
Sur,D,868,178.77425645609,Madrid,40.32121875371098,-3.6588969779693814
Este,D,782,127.34334037281334,Barcelona,41.301239590936675,2.094346056955281
Norte,C,445,104.94750451155821,Madrid,40.39975706459983,-3.798928935107767
Este,A,317,150.70607812393965,Valencia,39.43171847334388,-0.3908566081038294
Sur,C,493,125.30495097649174,Barcelona,41.38804578236672,2.209084609541352
Norte,D,201,156.1345553213354,Sevilla,37.41324575962709,-5.930896263667368
Oeste,C,641,84.79621107884896,Valencia,39.56254025951031,-0.3636363352355224
Oeste,D,431,86.70738785982047,Valencia,39.378003370302224,-0.3540129507166624
Sur,C,938,104.54244751913345,Madrid,40.46841846379128,-3.6081422699146226
Este,B,101,101.75887133813382,Madrid,40.482947401878086,-3.7811657564560712
Norte,D,361,44.98239134295847,Sevilla,37.32339458887954,-6.012192608515291
Este,C,196,154.07956623882947,Madrid,40.46364341252937,-3.693550682728053
Sur,B,427,190.90493996011057,Madrid,40.37637060509892,-3.7018432255919222
Sur,A,380,180.4033730663881,Valencia,39.562213316238,-0.41500145724685394
Este,D,774,64.03547556780399,Valencia,39.378634976474984,-0.4314062159519608
Norte,D,154,185.34006589533672,Valencia,39.41751606529742,-0.38160788325650385
Norte,C,516,47.27593948216994,Valencia,39.43563937571197,-0.4717935520826868
Oeste,C,535,49.07194477624514,Sevilla,37.44948660680718,-6.038795326748258
Oeste,D,140,28.752128159238566,Bilbao,43.22188983848929,-2.8432671684794317
Oeste,A,864,164.3660973285051,Sevilla,37.34643614034176,-6.077305423836007
Este,D,899,135.48254494759595,Sevilla,37.37282674503001,-5.970491102492268
Este,B,710,38.99402141446151,Bilbao,43.273755335425,-3.0227892838028017
Este,A,535,154.59418415853048,Barcelona,41.42880698196722,2.250623115488288
Este,D,743,112.32712707293436,Barcelona,41.33841805457325,2.1674105511444273
Sur,C,619,147.78965229230738,Valencia,39.3993373544545,-0.3192704711407788
Este,A,114,28.654665849917418,Bilbao,43.266817629130216,-2.9149014909011806
Sur,C,202,108.8734524351414,Barcelona,41.356047778923184,2.1179406063158175
Oeste,D,544,13.843461749902062,Madrid,40.47341402762498,-3.722804439590132
Norte,D,937,96.28280977521214,Barcelona,41.453588233664746,2.2650635223163142
Oeste,C,194,12.87971273355441,Madrid,40.41091339224285,-3.648967995005842
Este,C,972,109.22736362644476,Sevilla,37.38995609150086,-5.9587977624918045
Oeste,C,670,87.56291405418168,Madrid,40.432641144747215,-3.7371105271216383
Este,A,635,195.6673859389746,Sevilla,37.44395336747298,-6.008912746751754
Sur,A,253,173.9737957455356,Sevilla,37.29032383749075,-6.03805621722396
Sur,D,705,105.50315241606901,Bilbao,43.286507898830116,-2.897962578094737
Este,D,213,38.42492621084871,Barcelona,41.449013417611376,2.2542939058531415
Este,D,148,88.97855160061584,Bilbao,43.25169695287916,-3.006967621619732
Este,C,752,48.588131929118425,Valencia,39.39388517192894,-0.38203754040034044
Norte,B,655,20.400066988360795,Barcelona,41.45583325555338,2.269647904561789
Este,B,906,154.6476237822613,Barcelona,41.42855966511047,2.176330444421341
Este,B,673,71.6636010764554,Valencia,39.53633346421097,-0.4201668900197623
Este,B,473,168.21679836750462,Sevilla,37.37324441895627,-6.021804986646788
Norte,B,599,134.22388913369244,Barcelona,41.294818160148296,2.080435189983221
Norte,B,332,80.16078433076339,Sevilla,37.30828956406572,-6.049792135210735
Oeste,A,474,160.9456538909579,Madrid,40.41534756768523,-3.66474061419497
Norte,B,766,65.2571218619924,Sevilla,37.34791499478285,-5.924430977545505
Norte,C,546,13.373031163213266,Valencia,39.39786885258336,-0.3482731720879015
Este,D,377,57.136472684886286,Madrid,40.45005505256063,-3.677091765508754
Oeste,C,810,28.320705826751045,Bilbao,43.163743997422635,-2.8626690645317683
Norte,A,593,94.10826817834409,Bilbao,43.346191129840186,-2.9871553146528513
Sur,A,573,163.43432539497624,Valencia,39.38605822191676,-0.4626243580969153
Oeste,C,851,79.34775594246035,Barcelona,41.339607250608836,2.1425423154981647
Norte,C,237,10.726811948907077,Sevilla,37.29659815328647,-6.01423616122752
Norte,D,353,164.63804688668043,Sevilla,37.39024522271708,-5.9758910154712765
Oeste,D,145,21.146013802855364,Barcelona,41.403775270013405,2.2230515935220576
Norte,B,802,150.63135963258034,Valencia,39.481960154399175,-0.3449930308754591
Norte,B,697,68.07234120431842,Madrid,40.436986204068056,-3.7109082261052
Norte,B,234,97.11638802633847,Bilbao,43.24740217978305,-3.0093744602234596
Sur,A,599,112.49895584090916,Barcelona,41.455397068092324,2.25396182776772
Este,A,159,189.19781473147938,Valencia,39.503964172955634,-0.38458511022305286
Norte,D,365,104.65330679694974,Barcelona,41.34855339717681,2.165468698747027
Oeste,D,706,21.180981812766255,Valencia,39.384063449968544,-0.42802521424729845
Sur,A,880,120.34743518165104,Valencia,39.46311963926148,-0.44667289740208493
Este,C,231,178.10169221642215,Barcelona,41.362249204121,2.159008458907499
Este,D,200,61.35974041296577,Valencia,39.38154849491664,-0.4430714746701748
Sur,A,315,174.73592846544616,Sevilla,37.47214582176009,-6.003199201623298
Norte,C,729,168.72362572916177,Valencia,39.56222597209472,-0.4759749348117748
Oeste,D,154,135.19187969166398,Bilbao,43.22026377074533,-2.9630759396692348
Sur,D,170,125.94893186393848,Sevilla,37.42168582008537,-6.0816804220655225
Este,A,677,58.90535125707493,Bilbao,43.322440600328605,-2.8772068206465704
Norte,A,605,151.2368791717183,Barcelona,41.38235362145938,2.2578833524827964
Este,B,134,28.337570895877473,Barcelona,41.453515466845154,2.2561544340365094
Norte,B,647,27.863811720205625,Madrid,40.46858843647764,-3.6925760450520233
Sur,A,289,154.6228447488347,Barcelona,41.35998294753871,2.091362540176995
Oeste,B,183,29.678571644572806,Valencia,39.497860269083475,-0.4386468965107931
Este,C,229,190.24199059092047,Barcelona,41.3841170016364,2.2207210910984085
Norte,B,486,86.6745349722726,Madrid,40.335182887058274,-3.6455668942488995
Este,A,951,116.57385545904965,Valencia,39.372986020798876,-0.4498226745984715
Sur,D,244,43.87668318588246,Bilbao,43.23784152328669,-2.875613392287428
Sur,C,292,98.88976880343739,Sevilla,37.358231661441025,-5.975668677468877
Este,B,389,185.510854969799,Bilbao,43.201537632698596,-3.0049791091229254
Norte,D,130,82.21449414890375,Sevilla,37.33871986095874,-5.974030403031896
Sur,A,137,199.26469003465067,Madrid,40.34695548449588,-3.727891463695766
Norte,C,227,154.6004017172205,Madrid,40.37818503123829,-3.7872957848791513
Norte,C,283,107.72927514732135,Valencia,39.548811869261655,-0.2973518445388169
Norte,B,923,45.88916717825031,Bilbao,43.261568799607,-2.881827985855271
Norte,A,197,124.92246468776122,Bilbao,43.35159752209222,-2.9703178643414807
Norte,B,858,49.366817794267845,Bilbao,43.195034137626976,-2.9975384706161394
Norte,D,682,181.7909927123692,Valencia,39.55524026730239,-0.4310646471375629
Oeste,B,290,111.77202450342755,Madrid,40.50285557182068,-3.72752224093005
Norte,C,445,102.88459046706352,Valencia,39.56388803473517,-0.3020743567969517
Oeste,B,587,177.1943759179982,Bilbao,43.3341110331601,-2.9038506000116255
Sur,D,203,98.18228329124221,Barcelona,41.32548835019607,2.0775119706780245
Norte,A,569,67.62183026561715,Sevilla,37.34771613516812,-5.934035822216898
Oeste,D,491,97.8614269742013,Madrid,40.46999598753588,-3.6543829052544883
Oeste,C,501,189.65971408119745,Barcelona,41.43407132321791,2.166826972051826
Oeste,C,765,199.64636583107077,Madrid,40.348642916959406,-3.639712723468503
Sur,B,894,48.99558377442577,Madrid,40.3893279719635,-3.731699757676584
Este,A,224,114.51003974217583,Bilbao,43.277082501934316,-2.9058715784565963
Oeste,B,520,31.171308622773424,Bilbao,43.230844159182965,-2.854446444624242
Sur,B,653,12.314106464556899,Sevilla,37.454183396863264,-5.988533884482433
Oeste,B,668,11.247419399075584,Bilbao,43.287883690159745,-2.968950751303736
Norte,D,706,139.92193227111312,Sevilla,37.29119204547918,-5.986047166230571
Este,A,809,161.63604367509348,Bilbao,43.20520601156018,-2.932520904847636
Norte,B,945,167.68219092909686,Barcelona,41.394737443682835,2.2128388084657824
Oeste,B,641,15.36865905949305,Barcelona,41.3729598151658,2.240024360977192
Este,A,919,150.82714611836207,Bilbao,43.35074021044599,-2.9485389408066913
Oeste,D,738,39.26238667286026,Barcelona,41.352884376437224,2.081886182839275
Este,B,973,35.62910835097303,Madrid,40.39986262271595,-3.780051415373962
Norte,A,633,199.18689049412464,Sevilla,37.40312633138797,-5.952168347071997
Sur,C,454,167.77953931291754,Valencia,39.3752717060814,-0.2846734150502138
Sur,D,790,20.364547492440863,Bilbao,43.33320773827208,-2.996756326016243
Este,A,691,72.80357240694254,Valencia,39.44457221393067,-0.3719205590634664
Este,C,696,51.107005419900844,Bilbao,43.22168763727821,-2.913051315554648
Sur,C,756,166.7941911776241,Sevilla,37.3132604042143,-5.934151087826296
Este,D,964,178.56782065472123,Valencia,39.4629721951541,-0.3279257382139384
Norte,D,548,148.10683809464248,Sevilla,37.32761601002786,-6.029542433942561
Oeste,B,336,54.14197390787115,Bilbao,43.183822902515885,-2.973341532874158
Norte,D,901,87.99914410486949,Barcelona,41.38755121445995,2.1286950759092274
Sur,C,895,113.24705308513116,Sevilla,37.327406769989494,-6.082769857423622
Sur,A,628,181.0228790811409,Barcelona,41.35095764689758,2.2493186750397207
Este,A,132,96.76766784552214,Bilbao,43.33205992222462,-2.8678608609767706
Norte,C,916,44.47121179400142,Madrid,40.514846014017984,-3.6169113114691767
Oeste,D,519,72.37426179097426,Valencia,39.55752476457178,-0.4472106233714469
Sur,B,991,20.930125310061037,Madrid,40.43506551531725,-3.7484840402710033
Sur,D,330,141.86980511959644,Valencia,39.37061798114229,-0.33970639267328884
Oeste,C,710,45.81706248312599,Valencia,39.529744799231736,-0.41024882426043935
Este,B,679,72.4215285058857,Madrid,40.42724636371736,-3.722553968242491
Este,C,347,124.0891733233687,Valencia,39.52283641961206,-0.35743412325211105
Este,A,792,131.01902697859853,Madrid,40.34315040194084,-3.649031534571192
Este,B,440,35.77511149407068,Madrid,40.35873989292719,-3.6689511184167984
Este,A,375,170.31575214378339,Bilbao,43.27695032564531,-2.8389809291388444
Oeste,C,897,173.9309700548442,Bilbao,43.280141986938474,-2.955273742140878
Norte,A,303,48.42601519222837,Barcelona,41.395264912507386,2.1612366982631577
Sur,D,912,58.397561441141356,Madrid,40.326714145679944,-3.6522603107498135
Oeste,D,697,26.49662716285458,Sevilla,37.30055232192739,-5.913880129879682
Sur,B,519,20.845842604298063,Bilbao,43.252353685553175,-2.9631025460010023
Oeste,D,731,93.2492708440518,Madrid,40.34309433728224,-3.713155393343382
Sur,A,418,66.72851763238226,Barcelona,41.296427199934435,2.22622200958976
Norte,A,656,145.31030000125,Bilbao,43.178297907411206,-2.9348632676987814
Sur,A,971,89.36579313443106,Sevilla,37.40678272541672,-5.9206083476232445
Norte,A,610,11.691738094401465,Valencia,39.460804136631815,-0.39383616003179367
Este,A,130,154.23125042785549,Barcelona,41.2903150900739,2.1674546556811025
Oeste,C,329,37.26199814957839,Valencia,39.54822794783046,-0.4289019837916103
Oeste,A,492,87.25518945913296,Bilbao,43.21082165980649,-2.8993359547221798
Este,D,962,42.852691969327466,Bilbao,43.30836169399646,-2.9206727366304266
Este,D,620,123.41626188427257,Bilbao,43.270926095083645,-2.8403098898293386
Este,D,854,113.7450611871724,Bilbao,43.22429594009543,-2.9889193455385916
Sur,A,730,19.167736135130056,Bilbao,43.32075225542175,-2.848028621073566
Norte,B,767,148.53706722703666,Valencia,39.50819821317642,-0.43226655415237114
Sur,C,409,94.33858239253978,Valencia,39.54713382318397,-0.34840726130982613
Este,A,219,139.23340324603558,Bilbao,43.31051639375186,-3.0012881146314623
Norte,B,727,16.043674903816417,Bilbao,43.236986708843155,-2.923618698094227
Oeste,A,785,170.24726113425663,Bilbao,43.32789229401421,-2.9731651913257546
Oeste,C,796,13.971181388296655,Madrid,40.43227420172562,-3.7640834703091763
Este,C,329,75.43023548803035,Sevilla,37.39668636789855,-5.957906278517334
Norte,D,956,90.66435488693398,Madrid,40.45123548832618,-3.619009684319829
Sur,A,994,116.94434776605124,Sevilla,37.342370790411366,-5.9244367719720765
Sur,D,296,96.96740872114641,Sevilla,37.32630810239867,-5.968907405608403
Oeste,D,779,180.25573252222057,Sevilla,37.36368448708351,-5.9977770566297375
Norte,C,921,153.3119973876609,Valencia,39.503572097585355,-0.39982290602550197
Este,A,691,114.7811604345594,Barcelona,41.32496858696209,2.146875030483484
Sur,D,352,156.03314502741458,Barcelona,41.38477067947195,2.175177732618337
Sur,D,264,24.95004355744777,Madrid,40.42829547891616,-3.6408405831358945
Sur,B,991,129.6700503095314,Sevilla,37.35838234935458,-6.016661541027882
Sur,A,946,67.22346362822469,Madrid,40.3607835952146,-3.749452287100993
Sur,A,519,115.31938158831267,Sevilla,37.293786896758505,-6.078330931367895
Este,B,564,190.22178007755338,Sevilla,37.4343726512696,-5.91345419309301
Oeste,B,728,45.625778401261954,Madrid,40.344473607630825,-3.63776804305095
Norte,D,729,112.02303135057495,Sevilla,37.340566291436964,-5.947588413671736
Sur,C,817,107.93101041312676,Madrid,40.376212027652656,-3.7747917969566855
Este,D,818,161.97717318730153,Bilbao,43.2183438098411,-2.992843289905277
Este,A,995,81.37711611222366,Sevilla,37.38592633904479,-6.041279588274139
Oeste,C,328,184.88309067109788,Barcelona,41.40085308815026,2.0891535257526446
Norte,D,245,197.68808242946045,Sevilla,37.45969133088953,-5.910516760063071
Norte,A,511,129.61781360150238,Madrid,40.415972553029,-3.705184869610725
Sur,D,848,166.39614316693368,Barcelona,41.40048435214731,2.2220735105821334
Sur,B,809,41.244741700679526,Valencia,39.44954467139149,-0.38080895743341914
Este,B,537,38.43226637794177,Valencia,39.403715621358174,-0.43300358519554466
Sur,A,177,32.58948747178515,Sevilla,37.395801468933975,-6.021735634903878
Norte,A,924,44.08677974758491,Barcelona,41.35999228559154,2.1588725197275274
Este,D,420,170.93693815178972,Sevilla,37.43404783483042,-5.918512494808926
Este,C,832,27.84520517386828,Valencia,39.46058805274626,-0.30999061232645553
Sur,D,708,92.10218179450176,Valencia,39.37054316428088,-0.31795017251134083
Este,D,886,151.86710553655345,Madrid,40.48609756818746,-3.769058524896901
Norte,A,269,58.79599460925923,Barcelona,41.363346023153724,2.1480379821747295
Norte,B,485,158.00958852627696,Barcelona,41.42622232545917,2.198454995524766
Oeste,A,784,108.15125078103348,Madrid,40.376960027087364,-3.7600162936368506
Oeste,C,705,119.33810214148822,Barcelona,41.35290858017323,2.0912140964463424
Este,D,1000,12.429409986482792,Barcelona,41.330230684288075,2.2376190844995065
Este,A,574,182.00420093965414,Valencia,39.424594764566194,-0.32307441159352096
Este,D,550,150.33746298660424,Madrid,40.46963110295286,-3.6873138454685677
Sur,B,115,123.47481161813575,Valencia,39.406951788291664,-0.3660716082267926
Sur,B,161,158.02293858501372,Barcelona,41.42758622978855,2.1982152497879603
Oeste,D,158,142.046076045496,Valencia,39.43543008137892,-0.34527945946244404
Este,B,383,139.83277260849556,Sevilla,37.3262100428745,-6.005475490368124
Sur,D,968,101.64079618009303,Barcelona,41.443036893007324,2.1161105779923206
Este,B,666,23.221838285735465,Sevilla,37.29055257712056,-5.990434781441797
Este,C,735,21.77398741894624,Madrid,40.320411660827055,-3.8015910048477095
Norte,A,913,197.61690297717442,Barcelona,41.417058335105814,2.161187033503312
Sur,C,910,136.46111260654618,Sevilla,37.41363265391037,-5.967707536269812
Este,D,830,153.751788854116,Valencia,39.46377953577712,-0.41358263468154655
Este,C,427,93.26421534262552,Valencia,39.49383073372847,-0.3303976617436355
Norte,B,908,172.35622950884186,Sevilla,37.383009907963135,-5.954397440630806
Oeste,D,711,57.72086448154436,Bilbao,43.18416671794086,-2.8875003907454415
Sur,A,974,84.19975713278478,Bilbao,43.234751102258045,-3.02706114600815
Este,B,730,32.91986199673821,Bilbao,43.19126562127413,-2.9164673534258507
Norte,C,465,25.74681996117705,Valencia,39.383856006693634,-0.27638813398062834
Oeste,D,330,197.25795009897118,Madrid,40.40429803950604,-3.694572888635403
Este,B,802,51.981445041646026,Sevilla,37.37079519026872,-5.933821697551458
Este,D,146,16.77969828669694,Valencia,39.554573965257454,-0.4688032416218989
Oeste,D,142,41.64655207476008,Sevilla,37.435622374214944,-5.941905206516495
Norte,A,134,186.59174374407428,Valencia,39.51421174866397,-0.3040476277147755
Este,B,944,90.02788385195446,Valencia,39.41777554550977,-0.3787366827067262
Sur,C,565,20.403265597173338,Madrid,40.34564317949048,-3.691888547294007
Sur,B,579,110.5810444455174,Sevilla,37.36028733074539,-6.045146452868401
Sur,C,976,67.68232003069508,Madrid,40.51343365625683,-3.6486432512600726
Este,A,259,107.97568945242958,Madrid,40.38184090783844,-3.6856215893759585
Oeste,A,234,135.01175633186205,Valencia,39.40041761070069,-0.43665338273560067
Norte,D,874,154.77489011128083,Sevilla,37.42424968423181,-5.910525095714497
Este,B,298,95.52509952250108,Valencia,39.47147227736582,-0.4276836806958088
Este,B,235,180.39135120026788,Barcelona,41.40449965611149,2.1854672248306803
Este,B,589,77.03664147929099,Valencia,39.532094503526,-0.3355296831451937
Oeste,A,116,75.22886255293434,Barcelona,41.48311166105136,2.178375108270205
Norte,C,602,109.05992552657264,Sevilla,37.35283517875504,-5.956061309149549
